sorted_random_Large_Unsorted_list9,103
sorted_random_Large_Unsorted_list13,104
sorted_random_Large_Unsorted_list12,104
sorted_random_Large_Unsorted_list11,104
sorted_random_Large_Unsorted_list10,104
sorted_random_Large_Unsorted_list17,104
sorted_random_Large_Unsorted_list16,103
sorted_random_Large_Unsorted_list15,104
sorted_random_Large_Unsorted_list14,103
sorted_random_Large_Unsorted_list0,104
sorted_random_Large_Unsorted_list19,105
sorted_random_Large_Unsorted_list18,103
sorted_random_Large_Unsorted_list8,103
sorted_random_Large_Unsorted_list7,104
sorted_random_Large_Unsorted_list6,104
sorted_random_Large_Unsorted_list5,103
sorted_random_Large_Unsorted_list4,105
sorted_random_Large_Unsorted_list3,103
sorted_random_Large_Unsorted_list2,103
sorted_random_Large_Unsorted_list1,103
sorted_random_Large_Unsorted_list20,118
sorted_random_Large_Unsorted_list24,103
sorted_random_Large_Unsorted_list23,103
sorted_random_Large_Unsorted_list22,103
sorted_random_Large_Unsorted_list21,105
sorted_random_Large_Unsorted_list28,104
sorted_random_Large_Unsorted_list27,103
sorted_random_Large_Unsorted_list26,103
sorted_random_Large_Unsorted_list25,104
sorted_random_Large_Unsorted_list29,104
