reverse_sorted_random_Medium_Unsorted_list8,10
reverse_sorted_random_Medium_Unsorted_list9,10
reverse_sorted_random_Medium_Unsorted_list27,9
reverse_sorted_random_Medium_Unsorted_list4,9
reverse_sorted_random_Medium_Unsorted_list5,9
reverse_sorted_random_Medium_Unsorted_list26,9
reverse_sorted_random_Medium_Unsorted_list6,10
reverse_sorted_random_Medium_Unsorted_list29,10
reverse_sorted_random_Medium_Unsorted_list7,9
reverse_sorted_random_Medium_Unsorted_list28,10
reverse_sorted_random_Medium_Unsorted_list23,10
reverse_sorted_random_Medium_Unsorted_list22,9
reverse_sorted_random_Medium_Unsorted_list25,9
reverse_sorted_random_Medium_Unsorted_list24,10
reverse_sorted_random_Medium_Unsorted_list21,9
reverse_sorted_random_Medium_Unsorted_list20,10
reverse_sorted_random_Medium_Unsorted_list0,9
reverse_sorted_random_Medium_Unsorted_list1,9
reverse_sorted_random_Medium_Unsorted_list2,10
reverse_sorted_random_Medium_Unsorted_list3,9
reverse_sorted_random_Medium_Unsorted_list19,9
reverse_sorted_random_Medium_Unsorted_list16,9
reverse_sorted_random_Medium_Unsorted_list15,10
reverse_sorted_random_Medium_Unsorted_list18,10
reverse_sorted_random_Medium_Unsorted_list17,9
reverse_sorted_random_Medium_Unsorted_list12,10
reverse_sorted_random_Medium_Unsorted_list11,9
reverse_sorted_random_Medium_Unsorted_list14,9
reverse_sorted_random_Medium_Unsorted_list13,10
reverse_sorted_random_Medium_Unsorted_list10,9
