random_Medium_Unsorted_list9,8
random_Medium_Unsorted_list29,8
random_Medium_Unsorted_list10,8
random_Medium_Unsorted_list11,8
random_Medium_Unsorted_list12,8
random_Medium_Unsorted_list13,8
random_Medium_Unsorted_list14,8
random_Medium_Unsorted_list15,8
random_Medium_Unsorted_list16,8
random_Medium_Unsorted_list17,9
random_Medium_Unsorted_list18,8
random_Medium_Unsorted_list19,8
random_Medium_Unsorted_list21,8
random_Medium_Unsorted_list22,8
random_Medium_Unsorted_list0,8
random_Medium_Unsorted_list23,8
random_Medium_Unsorted_list24,8
random_Medium_Unsorted_list25,8
random_Medium_Unsorted_list26,8
random_Medium_Unsorted_list27,8
random_Medium_Unsorted_list28,8
random_Medium_Unsorted_list6,8
random_Medium_Unsorted_list5,8
random_Medium_Unsorted_list8,8
random_Medium_Unsorted_list7,8
random_Medium_Unsorted_list2,7
random_Medium_Unsorted_list1,8
random_Medium_Unsorted_list4,7
random_Medium_Unsorted_list20,8
random_Medium_Unsorted_list3,8
