random_Large_Unsorted_list11,186
random_Large_Unsorted_list10,189
random_Large_Unsorted_list13,189
random_Large_Unsorted_list12,185
random_Large_Unsorted_list15,184
random_Large_Unsorted_list14,185
random_Large_Unsorted_list17,189
random_Large_Unsorted_list16,184
random_Large_Unsorted_list19,184
random_Large_Unsorted_list18,188
random_Large_Unsorted_list1,188
random_Large_Unsorted_list2,185
random_Large_Unsorted_list0,189
random_Large_Unsorted_list20,183
random_Large_Unsorted_list5,193
random_Large_Unsorted_list6,190
random_Large_Unsorted_list3,190
random_Large_Unsorted_list22,184
random_Large_Unsorted_list4,186
random_Large_Unsorted_list21,185
random_Large_Unsorted_list24,185
random_Large_Unsorted_list23,185
random_Large_Unsorted_list26,185
random_Large_Unsorted_list25,184
random_Large_Unsorted_list28,184
random_Large_Unsorted_list27,185
random_Large_Unsorted_list29,189
random_Large_Unsorted_list9,195
random_Large_Unsorted_list7,185
random_Large_Unsorted_list8,185
