reverse_sorted_random_Medium_Unsorted_list8,11
reverse_sorted_random_Medium_Unsorted_list9,11
reverse_sorted_random_Medium_Unsorted_list27,11
reverse_sorted_random_Medium_Unsorted_list4,11
reverse_sorted_random_Medium_Unsorted_list5,11
reverse_sorted_random_Medium_Unsorted_list26,11
reverse_sorted_random_Medium_Unsorted_list6,11
reverse_sorted_random_Medium_Unsorted_list29,11
reverse_sorted_random_Medium_Unsorted_list7,11
reverse_sorted_random_Medium_Unsorted_list28,11
reverse_sorted_random_Medium_Unsorted_list23,13
reverse_sorted_random_Medium_Unsorted_list22,11
reverse_sorted_random_Medium_Unsorted_list25,11
reverse_sorted_random_Medium_Unsorted_list24,11
reverse_sorted_random_Medium_Unsorted_list21,10
reverse_sorted_random_Medium_Unsorted_list20,11
reverse_sorted_random_Medium_Unsorted_list0,11
reverse_sorted_random_Medium_Unsorted_list1,11
reverse_sorted_random_Medium_Unsorted_list2,11
reverse_sorted_random_Medium_Unsorted_list3,11
reverse_sorted_random_Medium_Unsorted_list19,11
reverse_sorted_random_Medium_Unsorted_list16,11
reverse_sorted_random_Medium_Unsorted_list15,11
reverse_sorted_random_Medium_Unsorted_list18,11
reverse_sorted_random_Medium_Unsorted_list17,11
reverse_sorted_random_Medium_Unsorted_list12,11
reverse_sorted_random_Medium_Unsorted_list11,11
reverse_sorted_random_Medium_Unsorted_list14,11
reverse_sorted_random_Medium_Unsorted_list13,11
reverse_sorted_random_Medium_Unsorted_list10,11
