sorted_random_Large_Unsorted_list9,2672
sorted_random_Large_Unsorted_list13,2704
sorted_random_Large_Unsorted_list12,2712
sorted_random_Large_Unsorted_list11,2697
sorted_random_Large_Unsorted_list10,2723
sorted_random_Large_Unsorted_list17,2679
sorted_random_Large_Unsorted_list16,2719
sorted_random_Large_Unsorted_list15,2683
sorted_random_Large_Unsorted_list14,2712
sorted_random_Large_Unsorted_list0,2711
sorted_random_Large_Unsorted_list19,2702
sorted_random_Large_Unsorted_list18,2686
sorted_random_Large_Unsorted_list8,2718
sorted_random_Large_Unsorted_list7,2718
sorted_random_Large_Unsorted_list6,2705
sorted_random_Large_Unsorted_list5,2721
sorted_random_Large_Unsorted_list4,2659
sorted_random_Large_Unsorted_list3,2704
sorted_random_Large_Unsorted_list2,2713
sorted_random_Large_Unsorted_list1,2720
sorted_random_Large_Unsorted_list20,2657
sorted_random_Large_Unsorted_list24,2711
sorted_random_Large_Unsorted_list23,2712
sorted_random_Large_Unsorted_list22,2726
sorted_random_Large_Unsorted_list21,2669
sorted_random_Large_Unsorted_list28,2726
sorted_random_Large_Unsorted_list27,2724
sorted_random_Large_Unsorted_list26,2679
sorted_random_Large_Unsorted_list25,2692
sorted_random_Large_Unsorted_list29,2653
