sorted_random_Medium_Unsorted_list15,11
sorted_random_Medium_Unsorted_list14,10
sorted_random_Medium_Unsorted_list13,10
sorted_random_Medium_Unsorted_list12,10
sorted_random_Medium_Unsorted_list19,10
sorted_random_Medium_Unsorted_list18,10
sorted_random_Medium_Unsorted_list17,10
sorted_random_Medium_Unsorted_list16,10
sorted_random_Medium_Unsorted_list7,10
sorted_random_Medium_Unsorted_list8,10
sorted_random_Medium_Unsorted_list9,10
sorted_random_Medium_Unsorted_list11,10
sorted_random_Medium_Unsorted_list10,10
sorted_random_Medium_Unsorted_list26,11
sorted_random_Medium_Unsorted_list25,10
sorted_random_Medium_Unsorted_list24,10
sorted_random_Medium_Unsorted_list23,10
sorted_random_Medium_Unsorted_list29,10
sorted_random_Medium_Unsorted_list28,10
sorted_random_Medium_Unsorted_list27,10
sorted_random_Medium_Unsorted_list22,10
sorted_random_Medium_Unsorted_list21,10
sorted_random_Medium_Unsorted_list20,10
sorted_random_Medium_Unsorted_list0,10
sorted_random_Medium_Unsorted_list1,10
sorted_random_Medium_Unsorted_list2,10
sorted_random_Medium_Unsorted_list3,10
sorted_random_Medium_Unsorted_list4,9
sorted_random_Medium_Unsorted_list5,10
sorted_random_Medium_Unsorted_list6,10
