reverse_sorted_random_Large_Unsorted_list14,107
reverse_sorted_random_Large_Unsorted_list13,105
reverse_sorted_random_Large_Unsorted_list12,105
reverse_sorted_random_Large_Unsorted_list11,180
reverse_sorted_random_Large_Unsorted_list10,119
reverse_sorted_random_Large_Unsorted_list3,107
reverse_sorted_random_Large_Unsorted_list2,122
reverse_sorted_random_Large_Unsorted_list1,106
reverse_sorted_random_Large_Unsorted_list0,107
reverse_sorted_random_Large_Unsorted_list9,107
reverse_sorted_random_Large_Unsorted_list8,115
reverse_sorted_random_Large_Unsorted_list19,115
reverse_sorted_random_Large_Unsorted_list7,106
reverse_sorted_random_Large_Unsorted_list18,105
reverse_sorted_random_Large_Unsorted_list6,113
reverse_sorted_random_Large_Unsorted_list17,105
reverse_sorted_random_Large_Unsorted_list16,106
reverse_sorted_random_Large_Unsorted_list5,105
reverse_sorted_random_Large_Unsorted_list15,106
reverse_sorted_random_Large_Unsorted_list4,107
reverse_sorted_random_Large_Unsorted_list25,105
reverse_sorted_random_Large_Unsorted_list24,109
reverse_sorted_random_Large_Unsorted_list23,105
reverse_sorted_random_Large_Unsorted_list22,105
reverse_sorted_random_Large_Unsorted_list21,124
reverse_sorted_random_Large_Unsorted_list20,105
reverse_sorted_random_Large_Unsorted_list29,105
reverse_sorted_random_Large_Unsorted_list28,108
reverse_sorted_random_Large_Unsorted_list27,114
reverse_sorted_random_Large_Unsorted_list26,108
